{
  "mean": 0.3521862030029297,
  "std": 0.0,
  "p95": 0.3521862030029297,
  "p99": 0.3521862030029297,
  "suggested_threshold": 0.3521862030029297
}